Workbook

Sheet README
B2: C&B TOOLKIT · FREE · Compa-Ratio Calculator
B4: Назначение | C4: Быстрый расчет compa-ratio и range penetration по сотрудникам с базовой визуализацией рисков.
B5: Целевая аудитория | C5: HR Business Partners, C&B-менеджеры, руководители подразделений.
B6: Как использовать | C6: 1) Введите данные на листе Input. 2) Проверьте автоматический расчет на Calculation. 3) Откройте Dashboard для KPI и зон риска.
B7: Язык | C7: RU
B8: Версия | C8: 1.0
B9: Контакт | C9: C&B Toolkit · pahanit@gmail.com
B11: Структура файла
B12: Лист | C12: Что внутри
B13: Input | C13: Список сотрудников: грейд, оклад, midpoint, min/max диапазона.
B14: Calculation | C14: Compa-ratio, range penetration, зона риска (формулы).
B15: Dashboard | C15: Сводка по компании: средний compa-ratio, доли вне диапазона, топ-риски.
B17: Дисклеймер
B18: Шаблон предоставляется «как есть». Примерные данные сгенерированы случайно и не отражают реальный рынок. Проверяйте формулы перед использованием в продуктивных решениях. © C&B Toolkit, pahanit@gmail.com.

Sheet Input
B2: Входные данные
B3: Заполните таблицу. Формулы на следующем листе подхватят значения автоматически.
B5: # | C5: ФИО | D5: Должность | E5: Грейд | F5: Оклад, ₽/мес | G5: Min, ₽ | H5: Mid, ₽ | I5: Max, ₽
B6: 1 | C6: Иванов И.И. | D6: Senior C&B Analyst | E6: G5 | F6: 165000 | G6: 140000 | H6: 170000 | I6: 200000
B7: 2 | C7: Петрова А.С. | D7: HR Business Partner | E7: G5 | F7: 195000 | G7: 140000 | H7: 170000 | I7: 200000
B8: 3 | C8: Смирнов В.А. | D8: Compensation Manager | E8: G6 | F8: 230000 | G8: 180000 | H8: 220000 | I8: 260000
B9: 4 | C9: Кузнецова Л.П. | D9: Recruiter | E9: G3 | F9: 95000 | G9: 80000 | H9: 100000 | I9: 120000
B10: 5 | C10: Соколов Д.М. | D10: Junior HR Analyst | E10: G2 | F10: 62000 | G10: 60000 | H10: 75000 | I10: 90000
B11: 6 | C11: Морозова Е.К. | D11: HR Director | E11: G7 | F11: 380000 | G11: 300000 | H11: 360000 | I11: 420000
B12: 7 | C12: Васильев П.А. | D12: Total Rewards Lead | E12: G6 | F12: 215000 | G12: 180000 | H12: 220000 | I12: 260000
B13: 8 | C13: Зайцева О.В. | D13: Payroll Specialist | E13: G3 | F13: 85000 | G13: 80000 | H13: 100000 | I13: 120000
B14: 9 | C14: Павлов С.Н. | D14: HR Operations Manager | E14: G5 | F14: 170000 | G14: 140000 | H14: 170000 | I14: 200000
B15: 10 | C15: Семенова Т.Б. | D15: C&B Analyst | E15: G4 | F15: 118000 | G15: 110000 | H15: 135000 | I15: 160000
B16: 11 | C16: Голубев К.Е. | D16: Talent Partner | E16: G4 | F16: 155000 | G16: 110000 | H16: 135000 | I16: 160000
B17: 12 | C17: Виноградова М.Д. | D17: Learning Specialist | E17: G3 | F17: 90000 | G17: 80000 | H17: 100000 | I17: 120000
... B20: 15 | C20: Григорьев А.Ю. | D20: Senior HRBP | E20: G6 | F20: 245000 | G20: 180000 | H20: 220000 | I20: 260000

Sheet Calculation
B2: Расчет показателей
B3: Формулы compa-ratio = Оклад / Mid, range penetration = (Оклад - Min) / (Max - Min).
B5: # | C5: ФИО | D5: Грейд | E5: Оклад | F5: Mid | G5: Compa-ratio | H5: Range penetration | I5: Зона
B6: =Input!B6 -> 1 | C6: =Input!C6 -> Иванов И.И. | D6: =Input!E6 -> G5 | E6: =Input!F6 -> 165000 | F6: =Input!H6 -> 170000 | G6: =IFERROR(E6/F6,0) -> 0.97058824 | H6: =IFERROR((Input!F6-Input!G6)/(Input!I6-Input!G6),0) -> 0.41666667 | I6: =IF(G6<0.8,"Ниже диапазона",IF(G6>1.2,"Выше диапазона",IF(G6<0.95,"Низкий target",IF(G6>1.05,"Высокий target","В target")))) -> В target
B7: =Input!B7 -> 2 | C7: =Input!C7 -> Петрова А.С. | D7: =Input!E7 -> G5 | E7: =Input!F7 -> 195000 | F7: =Input!H7 -> 170000 | G7: =IFERROR(E7/F7,0) -> 1.1470588 | H7: =IFERROR((Input!F7-Input!G7)/(Input!I7-Input!G7),0) -> 0.91666667 | I7: =IF(G7<0.8,"Ниже диапазона",IF(G7>1.2,"Выше диапазона",IF(G7<0.95,"Низкий target",IF(G7>1.05,"Высокий target","В target")))) -> Высокий target
B8: =Input!B8 -> 3 | C8: =Input!C8 -> Смирнов В.А. | D8: =Input!E8 -> G6 | E8: =Input!F8 -> 230000 | F8: =Input!H8 -> 220000 | G8: =IFERROR(E8/F8,0) -> 1.0454545 | H8: =IFERROR((Input!F8-Input!G8)/(Input!I8-Input!G8),0) -> 0.625 | I8: =IF(G8<0.8,"Ниже диапазона",IF(G8>1.2,"Выше диапазона",IF(G8<0.95,"Низкий target",IF(G8>1.05,"Высокий target","В target")))) -> В target
B9: =Input!B9 -> 4 | C9: =Input!C9 -> Кузнецова Л.П. | D9: =Input!E9 -> G3 | E9: =Input!F9 -> 95000 | F9: =Input!H9 -> 100000 | G9: =IFERROR(E9/F9,0) -> 0.95 | H9: =IFERROR((Input!F9-Input!G9)/(Input!I9-Input!G9),0) -> 0.375 | I9: =IF(G9<0.8,"Ниже диапазона",IF(G9>1.2,"Выше диапазона",IF(G9<0.95,"Низкий target",IF(G9>1.05,"Высокий target","В target")))) -> В target
B10: =Input!B10 -> 5 | C10: =Input!C10 -> Соколов Д.М. | D10: =Input!E10 -> G2 | E10: =Input!F10 -> 62000 | F10: =Input!H10 -> 75000 | G10: =IFERROR(E10/F10,0) -> 0.82666667 | H10: =IFERROR((Input!F10-Input!G10)/(Input!I10-Input!G10),0) -> 0.066666667 | I10: =IF(G10<0.8,"Ниже диапазона",IF(G10>1.2,"Выше диапазона",IF(G10<0.95,"Низкий target",IF(G10>1.05,"Высокий target","В target")))) -> Низкий target
B11: =Input!B11 -> 6 | C11: =Input!C11 -> Морозова Е.К. | D11: =Input!E11 -> G7 | E11: =Input!F11 -> 380000 | F11: =Input!H11 -> 360000 | G11: =IFERROR(E11/F11,0) -> 1.0555556 | H11: =IFERROR((Input!F11-Input!G11)/(Input!I11-Input!G11),0) -> 0.66666667 | I11: =IF(G11<0.8,"Ниже диапазона",IF(G11>1.2,"Выше диапазона",IF(G11<0.95,"Низкий target",IF(G11>1.05,"Высокий target","В target")))) -> Высокий target
B12: =Input!B12 -> 7 | C12: =Input!C12 -> Васильев П.А. | D12: =Input!E12 -> G6 | E12: =Input!F12 -> 215000 | F12: =Input!H12 -> 220000 | G12: =IFERROR(E12/F12,0) -> 0.97727273 | H12: =IFERROR((Input!F12-Input!G12)/(Input!I12-Input!G12),0) -> 0.4375 | I12: =IF(G12<0.8,"Ниже диапазона",IF(G12>1.2,"Выше диапазона",IF(G12<0.95,"Низкий target",IF(G12>1.05,"Высокий target","В target")))) -> В target
B13: =Input!B13 -> 8 | C13: =Input!C13 -> Зайцева О.В. | D13: =Input!E13 -> G3 | E13: =Input!F13 -> 85000 | F13: =Input!H13 -> 100000 | G13: =IFERROR(E13/F13,0) -> 0.85 | H13: =IFERROR((Input!F13-Input!G13)/(Input!I13-Input!G13),0) -> 0.125 | I13: =IF(G13<0.8,"Ниже диапазона",IF(G13>1.2,"Выше диапазона",IF(G13<0.95,"Низкий target",IF(G13>1.05,"Высокий target","В target")))) -> Низкий target
B14: =Input!B14 -> 9 | C14: =Input!C14 -> Павлов С.Н. | D14: =Input!E14 -> G5 | E14: =Input!F14 -> 170000 | F14: =Input!H14 -> 170000 | G14: =IFERROR(E14/F14,0) -> 1 | H14: =IFERROR((Input!F14-Input!G14)/(Input!I14-Input!G14),0) -> 0.5 | I14: =IF(G14<0.8,"Ниже диапазона",IF(G14>1.2,"Выше диапазона",IF(G14<0.95,"Низкий target",IF(G14>1.05,"Высокий target","В target")))) -> В target
B15: =Input!B15 -> 10 | C15: =Input!C15 -> Семенова Т.Б. | D15: =Input!E15 -> G4 | E15: =Input!F15 -> 118000 | F15: =Input!H15 -> 135000 | G15: =IFERROR(E15/F15,0) -> 0.87407407 | H15: =IFERROR((Input!F15-Input!G15)/(Input!I15-Input!G15),0) -> 0.16 | I15: =IF(G15<0.8,"Ниже диапазона",IF(G15>1.2,"Выше диапазона",IF(G15<0.95,"Низкий target",IF(G15>1.05,"Высокий target","В target")))) -> Низкий target
B16: =Input!B16 -> 11 | C16: =Input!C16 -> Голубев К.Е. | D16: =Input!E16 -> G4 | E16: =Input!F16 -> 155000 | F16: =Input!H16 -> 135000 | G16: =IFERROR(E16/F16,0) -> 1.1481481 | H16: =IFERROR((Input!F16-Input!G16)/(Input!I16-Input!G16),0) -> 0.9 | I16: =IF(G16<0.8,"Ниже диапазона",IF(G16>1.2,"Выше диапазона",IF(G16<0.95,"Низкий target",IF(G16>1.05,"Высокий target","В target")))) -> Высокий target
B17: =Input!B17 -> 12 | C17: =Input!C17 -> Виноградова М.Д. | D17: =Input!E17 -> G3 | E17: =Input!F17 -> 90000 | F17: =Input!H17 -> 100000 | G17: =IFERROR(E17/F17,0) -> 0.9 | H17: =IFERROR((Input!F17-Input!G17)/(Input!I17-Input!G17),0) -> 0.25 | I17: =IF(G17<0.8,"Ниже диапазона",IF(G17>1.2,"Выше диапазона",IF(G17<0.95,"Низкий target",IF(G17>1.05,"Высокий target","В target")))) -> Низкий target
... B20: =Input!B20 -> 15 | C20: =Input!C20 -> Григорьев А.Ю. | D20: =Input!E20 -> G6 | E20: =Input!F20 -> 245000 | F20: =Input!H20 -> 220000 | G20: =IFERROR(E20/F20,0) -> 1.1136364 | H20: =IFERROR((Input!F20-Input!G20)/(Input!I20-Input!G20),0) -> 0.8125 | I20: =IF(G20<0.8,"Ниже диапазона",IF(G20>1.2,"Выше диапазона",IF(G20<0.95,"Низкий target",IF(G20>1.05,"Высокий target","В target")))) -> Высокий target

Sheet Dashboard
B2: Dashboard
B3: Сводные KPI по выборке.
B5: KPI | C5: Значение | E5: Топ-риски (ниже 0.8 или выше 1.2) | F5: Compa-ratio
B6: Средний compa-ratio | C6: =AVERAGE(Calculation!G6:G20) -> 0.99044022 | E6: =IFERROR(INDEX(Calculation!C$6:C$20,SMALL(IF((Calculation!G$6:G$20<0.8)+(Calculation!G$6:G$20>1.2),ROW(Calculation!C$6:C$20)-5),ROW()-5)),"") -> Иванов И.И. | F6: =IFERROR(INDEX(Calculation!G$6:G$20,SMALL(IF((Calculation!G$6:G$20<0.8)+(Calculation!G$6:G$20>1.2),ROW(Calculation!G$6:G$20)-5),ROW()-5)),"") -> 0.97058824
B7: Медианный compa-ratio | C7: =MEDIAN(Calculation!G6:G20) -> 0.97727273 | E7: =IFERROR(INDEX(Calculation!C$6:C$20,SMALL(IF((Calculation!G$6:G$20<0.8)+(Calculation!G$6:G$20>1.2),ROW(Calculation!C$6:C$20)-5),ROW()-5)),"") | F7: =IFERROR(INDEX(Calculation!G$6:G$20,SMALL(IF((Calculation!G$6:G$20<0.8)+(Calculation!G$6:G$20>1.2),ROW(Calculation!G$6:G$20)-5),ROW()-5)),"")
B8: Доля ниже 0.8 | C8: =COUNTIF(Calculation!G6:G20,"<0.8")/COUNTA(Calculation!G6:G20) -> 0 | E8: =IFERROR(INDEX(Calculation!C$6:C$20,SMALL(IF((Calculation!G$6:G$20<0.8)+(Calculation!G$6:G$20>1.2),ROW(Calculation!C$6:C$20)-5),ROW()-5)),"") | F8: =IFERROR(INDEX(Calculation!G$6:G$20,SMALL(IF((Calculation!G$6:G$20<0.8)+(Calculation!G$6:G$20>1.2),ROW(Calculation!G$6:G$20)-5),ROW()-5)),"")
B9: Доля выше 1.2 | C9: =COUNTIF(Calculation!G6:G20,">1.2")/COUNTA(Calculation!G6:G20) -> 0 | E9: =IFERROR(INDEX(Calculation!C$6:C$20,SMALL(IF((Calculation!G$6:G$20<0.8)+(Calculation!G$6:G$20>1.2),ROW(Calculation!C$6:C$20)-5),ROW()-5)),"") | F9: =IFERROR(INDEX(Calculation!G$6:G$20,SMALL(IF((Calculation!G$6:G$20<0.8)+(Calculation!G$6:G$20>1.2),ROW(Calculation!G$6:G$20)-5),ROW()-5)),"")
B10: Сотрудников в выборке | C10: =COUNTA(Calculation!B6:B20) -> 15 | E10: =IFERROR(INDEX(Calculation!C$6:C$20,SMALL(IF((Calculation!G$6:G$20<0.8)+(Calculation!G$6:G$20>1.2),ROW(Calculation!C$6:C$20)-5),ROW()-5)),"") | F10: =IFERROR(INDEX(Calculation!G$6:G$20,SMALL(IF((Calculation!G$6:G$20<0.8)+(Calculation!G$6:G$20>1.2),ROW(Calculation!G$6:G$20)-5),ROW()-5)),"")
B11: Средний оклад | C11: =AVERAGE(Input!F6:F20) -> 162533.33 | E11: =IFERROR(INDEX(Calculation!C$6:C$20,SMALL(IF((Calculation!G$6:G$20<0.8)+(Calculation!G$6:G$20>1.2),ROW(Calculation!C$6:C$20)-5),ROW()-5)),"") | F11: =IFERROR(INDEX(Calculation!G$6:G$20,SMALL(IF((Calculation!G$6:G$20<0.8)+(Calculation!G$6:G$20>1.2),ROW(Calculation!G$6:G$20)-5),ROW()-5)),"")
B12: Средний range penetration | C12: =AVERAGE(Calculation!H6:H20) -> 0.48244444 | E12: =IFERROR(INDEX(Calculation!C$6:C$20,SMALL(IF((Calculation!G$6:G$20<0.8)+(Calculation!G$6:G$20>1.2),ROW(Calculation!C$6:C$20)-5),ROW()-5)),"") | F12: =IFERROR(INDEX(Calculation!G$6:G$20,SMALL(IF((Calculation!G$6:G$20<0.8)+(Calculation!G$6:G$20>1.2),ROW(Calculation!G$6:G$20)-5),ROW()-5)),"")
E13: =IFERROR(INDEX(Calculation!C$6:C$20,SMALL(IF((Calculation!G$6:G$20<0.8)+(Calculation!G$6:G$20>1.2),ROW(Calculation!C$6:C$20)-5),ROW()-5)),"") | F13: =IFERROR(INDEX(Calculation!G$6:G$20,SMALL(IF((Calculation!G$6:G$20<0.8)+(Calculation!G$6:G$20>1.2),ROW(Calculation!G$6:G$20)-5),ROW()-5)),"")
E14: =IFERROR(INDEX(Calculation!C$6:C$20,SMALL(IF((Calculation!G$6:G$20<0.8)+(Calculation!G$6:G$20>1.2),ROW(Calculation!C$6:C$20)-5),ROW()-5)),"") | F14: =IFERROR(INDEX(Calculation!G$6:G$20,SMALL(IF((Calculation!G$6:G$20<0.8)+(Calculation!G$6:G$20>1.2),ROW(Calculation!G$6:G$20)-5),ROW()-5)),"")
E15: =IFERROR(INDEX(Calculation!C$6:C$20,SMALL(IF((Calculation!G$6:G$20<0.8)+(Calculation!G$6:G$20>1.2),ROW(Calculation!C$6:C$20)-5),ROW()-5)),"") | F15: =IFERROR(INDEX(Calculation!G$6:G$20,SMALL(IF((Calculation!G$6:G$20<0.8)+(Calculation!G$6:G$20>1.2),ROW(Calculation!G$6:G$20)-5),ROW()-5)),"")
B17: Распределение по зонам
B18: Ниже диапазона | C18: =COUNTIF(Calculation!I6:I20,"Ниже диапазона") -> 0
B19: Низкий target | C19: =COUNTIF(Calculation!I6:I20,"Низкий target") -> 5
B20: В target | C20: =COUNTIF(Calculation!I6:I20,"В target") -> 6
B21: Высокий target | C21: =COUNTIF(Calculation!I6:I20,"Высокий target") -> 4
B22: Выше диапазона | C22: =COUNTIF(Calculation!I6:I20,"Выше диапазона") -> 0
