Workbook

Sheet README
B2: C&B TOOLKIT · FREE · C&B Health Check
B4: Назначение | C4: Экспресс-диагностика зрелости системы C&B по 6 блокам и 25 вопросам. Итоговый индекс зрелости и рекомендации.
B5: Целевая аудитория | C5: HRD, C&B-менеджеры, CFO, CEO компаний 100–3000 сотрудников.
B6: Как использовать | C6: 1) Заполните оценки 1–5 на листе Questionnaire. 2) Лист Scoring рассчитает блоки. 3) Откройте Results для индекса и рекомендаций.
B7: Язык | C7: RU
B8: Версия | C8: 1.0
B9: Контакт | C9: C&B Toolkit · pahanit@gmail.com
B11: Структура файла
B12: Лист | C12: Что внутри
B13: Questionnaire | C13: 25 вопросов, оценка 1–5.
B14: Scoring | C14: Расчет по блокам и итоговый индекс.
B15: Results | C15: Уровень зрелости и рекомендации.
B17: Дисклеймер
B18: Шаблон предоставляется «как есть». Примерные данные сгенерированы случайно и не отражают реальный рынок. Проверяйте формулы перед использованием в продуктивных решениях. © C&B Toolkit, pahanit@gmail.com.

Sheet Questionnaire
B2: Опрос
B3: Оцените текущее состояние по шкале 1 — нет; 2 — фрагментарно; 3 — формально; 4 — работает; 5 — лучшие практики.
B5: Блок | C5: Вопрос | D5: Оценка (1–5) | E5: Комментарий
B6: Грейды | C6: Существует ли формализованная грейдовая структура? | D6: 3
B7: Грейды | C7: Используются ли единые принципы оценки должностей (job evaluation)? | D7: 3
B8: Грейды | C8: Регулярно ли обновляется грейдовая структура (раз в 1–2 года)? | D8: 3
B9: Грейды | C9: Соответствие грейда уровню ответственности понятно сотрудникам. | D9: 3
B10: Грейды | C10: Грейды используются при найме и продвижении. | D10: 3
B11: Вилки | C11: Установлены min/mid/max для каждого грейда. | D11: 3
B12: Вилки | C12: Mid-точки калибруются с рыночными данными. | D12: 3
B13: Вилки | C13: Range spread разумен (20–60% по грейдам). | D13: 3
B14: Вилки | C14: Compa-ratio регулярно мониторится. | D14: 3
B15: Вилки | C15: Есть процедура для случаев below/above range. | D15: 3
B16: Премии | C16: Премиальная схема прозрачна для сотрудников. | D16: 3
B17: Премии | C17: Премии связаны с KPI и стратегическими целями. | D17: 3
... B30: Коммуникации | C30: Сотрудники получают разъяснения по своим зарплатным решениям. | D30: 3

Sheet Scoring
B2: Расчет блоков
B3: Среднее по блоку и нормализованный балл от 0% до 100%.
B5: Блок | C5: Средний балл | D5: Норм., % | E5: Уровень | F5: Что значит
B6: Грейды | C6: =AVERAGEIF(Questionnaire!B6:B30,B6,Questionnaire!D6:D30) -> 3 | D6: =IFERROR((C6-1)/4,0) -> 0.5 | E6: =IF(D6<0.3,"Начальный",IF(D6<0.5,"Развивающийся",IF(D6<0.75,"Зрелый","Продвинутый"))) -> Зрелый | F6: =IF(D6<0.3,"Минимальные базовые практики; высокий риск.",IF(D6<0.5,"Базовые элементы есть, но не работают системно.",IF(D6<0.75,"Управляемые процессы, есть зоны улучшения.","Зрелая система, фокус на тонкой настройке."))) -> Управляемые процессы, есть зоны улучшения.
B7: Вилки | C7: =AVERAGEIF(Questionnaire!B6:B30,B7,Questionnaire!D6:D30) -> 3 | D7: =IFERROR((C7-1)/4,0) -> 0.5 | E7: =IF(D7<0.3,"Начальный",IF(D7<0.5,"Развивающийся",IF(D7<0.75,"Зрелый","Продвинутый"))) -> Зрелый | F7: =IF(D7<0.3,"Минимальные базовые практики; высокий риск.",IF(D7<0.5,"Базовые элементы есть, но не работают системно.",IF(D7<0.75,"Управляемые процессы, есть зоны улучшения.","Зрелая система, фокус на тонкой настройке."))) -> Управляемые процессы, есть зоны улучшения.
B8: Премии | C8: =AVERAGEIF(Questionnaire!B6:B30,B8,Questionnaire!D6:D30) -> 3 | D8: =IFERROR((C8-1)/4,0) -> 0.5 | E8: =IF(D8<0.3,"Начальный",IF(D8<0.5,"Развивающийся",IF(D8<0.75,"Зрелый","Продвинутый"))) -> Зрелый | F8: =IF(D8<0.3,"Минимальные базовые практики; высокий риск.",IF(D8<0.5,"Базовые элементы есть, но не работают системно.",IF(D8<0.75,"Управляемые процессы, есть зоны улучшения.","Зрелая система, фокус на тонкой настройке."))) -> Управляемые процессы, есть зоны улучшения.
B9: Льготы | C9: =AVERAGEIF(Questionnaire!B6:B30,B9,Questionnaire!D6:D30) -> 3 | D9: =IFERROR((C9-1)/4,0) -> 0.5 | E9: =IF(D9<0.3,"Начальный",IF(D9<0.5,"Развивающийся",IF(D9<0.75,"Зрелый","Продвинутый"))) -> Зрелый | F9: =IF(D9<0.3,"Минимальные базовые практики; высокий риск.",IF(D9<0.5,"Базовые элементы есть, но не работают системно.",IF(D9<0.75,"Управляемые процессы, есть зоны улучшения.","Зрелая система, фокус на тонкой настройке."))) -> Управляемые процессы, есть зоны улучшения.
B10: Аналитика | C10: =AVERAGEIF(Questionnaire!B6:B30,B10,Questionnaire!D6:D30) -> 3 | D10: =IFERROR((C10-1)/4,0) -> 0.5 | E10: =IF(D10<0.3,"Начальный",IF(D10<0.5,"Развивающийся",IF(D10<0.75,"Зрелый","Продвинутый"))) -> Зрелый | F10: =IF(D10<0.3,"Минимальные базовые практики; высокий риск.",IF(D10<0.5,"Базовые элементы есть, но не работают системно.",IF(D10<0.75,"Управляемые процессы, есть зоны улучшения.","Зрелая система, фокус на тонкой настройке."))) -> Управляемые процессы, есть зоны улучшения.
B11: Коммуникации | C11: =AVERAGEIF(Questionnaire!B6:B30,B11,Questionnaire!D6:D30) -> 3 | D11: =IFERROR((C11-1)/4,0) -> 0.5 | E11: =IF(D11<0.3,"Начальный",IF(D11<0.5,"Развивающийся",IF(D11<0.75,"Зрелый","Продвинутый"))) -> Зрелый | F11: =IF(D11<0.3,"Минимальные базовые практики; высокий риск.",IF(D11<0.5,"Базовые элементы есть, но не работают системно.",IF(D11<0.75,"Управляемые процессы, есть зоны улучшения.","Зрелая система, фокус на тонкой настройке."))) -> Управляемые процессы, есть зоны улучшения.
B13: Итоговый индекс зрелости | C13: =AVERAGE(D6:D11) -> 0.5 | D13: =IF(C13<0.3,"Начальный",IF(C13<0.5,"Развивающийся",IF(C13<0.75,"Зрелый","Продвинутый"))) -> Зрелый

Sheet Results
B2: Результаты и рекомендации
B5: Индекс зрелости | C5: Уровень | E5: Что делать в первую очередь
B6: =Scoring!C13 -> 0.5 | C6: =Scoring!D13 -> Зрелый | E6: =IF(B6<0.3,"Установить грейдовую структуру и базовые вилки; навести порядок в данных и регулярных отчетах.",IF(B6<0.5,"Привести вилки в соответствие с рынком; формализовать премиальную схему и регулярный salary review.",IF(B6<0.75,"Внедрить pay equity мониторинг; перейти к total rewards подходу и коммуникации сотрудникам.","Тонкая настройка: дифференциация льгот, продвинутая аналитика, прогнозные модели бюджета."))) -> Внедрить pay equity мониторинг; перейти к total rewards подходу и коммуникации сотрудникам.
B9: Приоритетные блоки (низший балл сверху)
B10: Ранг | C10: Блок | E10: Нормализованный балл
B11: 1 | C11: =INDEX(Scoring!B$6:B$11,MATCH(SMALL(Scoring!D$6:D$11,1),Scoring!D$6:D$11,0)) -> Грейды | E11: =SMALL(Scoring!D$6:D$11,1) -> 0.5
B12: 2 | C12: =INDEX(Scoring!B$6:B$11,MATCH(SMALL(Scoring!D$6:D$11,2),Scoring!D$6:D$11,0)) -> Грейды | E12: =SMALL(Scoring!D$6:D$11,2) -> 0.5
B13: 3 | C13: =INDEX(Scoring!B$6:B$11,MATCH(SMALL(Scoring!D$6:D$11,3),Scoring!D$6:D$11,0)) -> Грейды | E13: =SMALL(Scoring!D$6:D$11,3) -> 0.5
B14: 4 | C14: =INDEX(Scoring!B$6:B$11,MATCH(SMALL(Scoring!D$6:D$11,4),Scoring!D$6:D$11,0)) -> Грейды | E14: =SMALL(Scoring!D$6:D$11,4) -> 0.5
B15: 5 | C15: =INDEX(Scoring!B$6:B$11,MATCH(SMALL(Scoring!D$6:D$11,5),Scoring!D$6:D$11,0)) -> Грейды | E15: =SMALL(Scoring!D$6:D$11,5) -> 0.5
B16: 6 | C16: =INDEX(Scoring!B$6:B$11,MATCH(SMALL(Scoring!D$6:D$11,6),Scoring!D$6:D$11,0)) -> Грейды | E16: =SMALL(Scoring!D$6:D$11,6) -> 0.5
