Workbook

Sheet README
B2: C&B TOOLKIT · FREE · Benefits Value Matrix
B4: Назначение | C4: Матрица оценки льгот по стоимости и воспринимаемой ценности; выработка стратегии: keep / improve / promote / reconsider.
B5: Целевая аудитория | C5: HRD, C&B-менеджеры, ответственные за бенефиты.
B6: Как использовать | C6: 1) Заполните список льгот на Benefits_Input. 2) Матрица автоматически рассчитает категорию. 3) Summary покажет ключевые метрики и долю по категориям.
B7: Язык | C7: RU
B8: Версия | C8: 1.0
B9: Контакт | C9: C&B Toolkit · pahanit@gmail.com
B11: Структура файла
B12: Лист | C12: Что внутри
B13: Benefits_Input | C13: Льготы: стоимость, utilization, perceived value, strategic fit.
B14: Matrix | C14: Категория по cost vs value.
B15: Summary | C15: Сводные показатели и распределение льгот.
B17: Дисклеймер
B18: Шаблон предоставляется «как есть». Примерные данные сгенерированы случайно и не отражают реальный рынок. Проверяйте формулы перед использованием в продуктивных решениях. © C&B Toolkit, pahanit@gmail.com.

Sheet Benefits_Input
B2: Льготы и оценка
B3: Введите данные. Perceived value и Strategic fit оцениваются 1–5.
B5: # | C5: Льгота | D5: Категория | E5: Стоимость / сотрудника, ₽/год | F5: Utilization, % | G5: Perceived value (1–5) | H5: Strategic fit (1–5)
B6: 1 | C6: ДМС основной | D6: Здоровье | E6: 65000 | F6: 0.92 | G6: 5 | H6: 5
B7: 2 | C7: ДМС для семьи | D7: Здоровье | E7: 90000 | F7: 0.45 | G7: 4 | H7: 3
B8: 3 | C8: Страхование жизни | D8: Здоровье | E8: 12000 | F8: 0.3 | G8: 3 | H8: 3
B9: 4 | C9: Корпоративный фитнес | D9: Велнес | E9: 24000 | F9: 0.55 | G9: 4 | H9: 3
B10: 5 | C10: Психологическая поддержка | D10: Велнес | E10: 8000 | F10: 0.35 | G10: 4 | H10: 4
B11: 6 | C11: Обучение и курсы | D11: Развитие | E11: 30000 | F11: 0.6 | G11: 4 | H11: 5
B12: 7 | C12: Конференции и митапы | D12: Развитие | E12: 15000 | F12: 0.25 | G12: 3 | H12: 4
B13: 8 | C13: Языковые курсы | D13: Развитие | E13: 18000 | F13: 0.4 | G13: 3 | H13: 3
B14: 9 | C14: Гибкий график | D14: Гибкость | E14: 0 | F14: 0.85 | G14: 5 | H14: 5
B15: 10 | C15: Удаленная работа | D15: Гибкость | E15: 0 | F15: 0.78 | G15: 5 | H15: 5
B16: 11 | C16: Доп. отпуск | D16: Время | E16: 22000 | F16: 0.7 | G16: 4 | H16: 4
B17: 12 | C17: Компенсация питания | D17: Бытовое | E17: 36000 | F17: 0.88 | G17: 4 | H17: 3
... B20: 15 | C20: Программа реферралов | D20: Признание | E20: 8000 | F20: 0.2 | G20: 2 | H20: 3

Sheet Matrix
B2: Матрица льгот
B3: Категория = функция от Cost (стоимость × utilization) и Value (perceived × strategic fit).
B5: # | C5: Льгота | D5: Annual cost / FTE (взвеш.) | E5: Value score | F5: Cost level | G5: Категория
B6: =Benefits_Input!B6 -> 1 | C6: =Benefits_Input!C6 -> ДМС основной | D6: =Benefits_Input!E6*Benefits_Input!F6 -> 59800 | E6: =(Benefits_Input!G6+Benefits_Input!H6)/2 -> 5 | F6: =IF(D6>=AVERAGE(D$6:D$20),"Высокая","Низкая") -> Высокая | G6: =IF(AND(E6>=3.5,F6="Низкая"),"Keep & invest",IF(AND(E6>=3.5,F6="Высокая"),"Promote",IF(AND(E6<3.5,F6="Низкая"),"Improve","Reconsider"))) -> Promote
B7: =Benefits_Input!B7 -> 2 | C7: =Benefits_Input!C7 -> ДМС для семьи | D7: =Benefits_Input!E7*Benefits_Input!F7 -> 40500 | E7: =(Benefits_Input!G7+Benefits_Input!H7)/2 -> 3.5 | F7: =IF(D7>=AVERAGE(D$6:D$20),"Высокая","Низкая") -> Высокая | G7: =IF(AND(E7>=3.5,F7="Низкая"),"Keep & invest",IF(AND(E7>=3.5,F7="Высокая"),"Promote",IF(AND(E7<3.5,F7="Низкая"),"Improve","Reconsider"))) -> Promote
B8: =Benefits_Input!B8 -> 3 | C8: =Benefits_Input!C8 -> Страхование жизни | D8: =Benefits_Input!E8*Benefits_Input!F8 -> 3600 | E8: =(Benefits_Input!G8+Benefits_Input!H8)/2 -> 3 | F8: =IF(D8>=AVERAGE(D$6:D$20),"Высокая","Низкая") -> Низкая | G8: =IF(AND(E8>=3.5,F8="Низкая"),"Keep & invest",IF(AND(E8>=3.5,F8="Высокая"),"Promote",IF(AND(E8<3.5,F8="Низкая"),"Improve","Reconsider"))) -> Improve
B9: =Benefits_Input!B9 -> 4 | C9: =Benefits_Input!C9 -> Корпоративный фитнес | D9: =Benefits_Input!E9*Benefits_Input!F9 -> 13200 | E9: =(Benefits_Input!G9+Benefits_Input!H9)/2 -> 3.5 | F9: =IF(D9>=AVERAGE(D$6:D$20),"Высокая","Низкая") -> Низкая | G9: =IF(AND(E9>=3.5,F9="Низкая"),"Keep & invest",IF(AND(E9>=3.5,F9="Высокая"),"Promote",IF(AND(E9<3.5,F9="Низкая"),"Improve","Reconsider"))) -> Keep & invest
B10: =Benefits_Input!B10 -> 5 | C10: =Benefits_Input!C10 -> Психологическая поддержка | D10: =Benefits_Input!E10*Benefits_Input!F10 -> 2800 | E10: =(Benefits_Input!G10+Benefits_Input!H10)/2 -> 4 | F10: =IF(D10>=AVERAGE(D$6:D$20),"Высокая","Низкая") -> Низкая | G10: =IF(AND(E10>=3.5,F10="Низкая"),"Keep & invest",IF(AND(E10>=3.5,F10="Высокая"),"Promote",IF(AND(E10<3.5,F10="Низкая"),"Improve","Reconsider"))) -> Keep & invest
B11: =Benefits_Input!B11 -> 6 | C11: =Benefits_Input!C11 -> Обучение и курсы | D11: =Benefits_Input!E11*Benefits_Input!F11 -> 18000 | E11: =(Benefits_Input!G11+Benefits_Input!H11)/2 -> 4.5 | F11: =IF(D11>=AVERAGE(D$6:D$20),"Высокая","Низкая") -> Высокая | G11: =IF(AND(E11>=3.5,F11="Низкая"),"Keep & invest",IF(AND(E11>=3.5,F11="Высокая"),"Promote",IF(AND(E11<3.5,F11="Низкая"),"Improve","Reconsider"))) -> Promote
B12: =Benefits_Input!B12 -> 7 | C12: =Benefits_Input!C12 -> Конференции и митапы | D12: =Benefits_Input!E12*Benefits_Input!F12 -> 3750 | E12: =(Benefits_Input!G12+Benefits_Input!H12)/2 -> 3.5 | F12: =IF(D12>=AVERAGE(D$6:D$20),"Высокая","Низкая") -> Низкая | G12: =IF(AND(E12>=3.5,F12="Низкая"),"Keep & invest",IF(AND(E12>=3.5,F12="Высокая"),"Promote",IF(AND(E12<3.5,F12="Низкая"),"Improve","Reconsider"))) -> Keep & invest
B13: =Benefits_Input!B13 -> 8 | C13: =Benefits_Input!C13 -> Языковые курсы | D13: =Benefits_Input!E13*Benefits_Input!F13 -> 7200 | E13: =(Benefits_Input!G13+Benefits_Input!H13)/2 -> 3 | F13: =IF(D13>=AVERAGE(D$6:D$20),"Высокая","Низкая") -> Низкая | G13: =IF(AND(E13>=3.5,F13="Низкая"),"Keep & invest",IF(AND(E13>=3.5,F13="Высокая"),"Promote",IF(AND(E13<3.5,F13="Низкая"),"Improve","Reconsider"))) -> Improve
B14: =Benefits_Input!B14 -> 9 | C14: =Benefits_Input!C14 -> Гибкий график | D14: =Benefits_Input!E14*Benefits_Input!F14 -> 0 | E14: =(Benefits_Input!G14+Benefits_Input!H14)/2 -> 5 | F14: =IF(D14>=AVERAGE(D$6:D$20),"Высокая","Низкая") -> Низкая | G14: =IF(AND(E14>=3.5,F14="Низкая"),"Keep & invest",IF(AND(E14>=3.5,F14="Высокая"),"Promote",IF(AND(E14<3.5,F14="Низкая"),"Improve","Reconsider"))) -> Keep & invest
B15: =Benefits_Input!B15 -> 10 | C15: =Benefits_Input!C15 -> Удаленная работа | D15: =Benefits_Input!E15*Benefits_Input!F15 -> 0 | E15: =(Benefits_Input!G15+Benefits_Input!H15)/2 -> 5 | F15: =IF(D15>=AVERAGE(D$6:D$20),"Высокая","Низкая") -> Низкая | G15: =IF(AND(E15>=3.5,F15="Низкая"),"Keep & invest",IF(AND(E15>=3.5,F15="Высокая"),"Promote",IF(AND(E15<3.5,F15="Низкая"),"Improve","Reconsider"))) -> Keep & invest
B16: =Benefits_Input!B16 -> 11 | C16: =Benefits_Input!C16 -> Доп. отпуск | D16: =Benefits_Input!E16*Benefits_Input!F16 -> 15400 | E16: =(Benefits_Input!G16+Benefits_Input!H16)/2 -> 4 | F16: =IF(D16>=AVERAGE(D$6:D$20),"Высокая","Низкая") -> Высокая | G16: =IF(AND(E16>=3.5,F16="Низкая"),"Keep & invest",IF(AND(E16>=3.5,F16="Высокая"),"Promote",IF(AND(E16<3.5,F16="Низкая"),"Improve","Reconsider"))) -> Promote
B17: =Benefits_Input!B17 -> 12 | C17: =Benefits_Input!C17 -> Компенсация питания | D17: =Benefits_Input!E17*Benefits_Input!F17 -> 31680 | E17: =(Benefits_Input!G17+Benefits_Input!H17)/2 -> 3.5 | F17: =IF(D17>=AVERAGE(D$6:D$20),"Высокая","Низкая") -> Высокая | G17: =IF(AND(E17>=3.5,F17="Низкая"),"Keep & invest",IF(AND(E17>=3.5,F17="Высокая"),"Promote",IF(AND(E17<3.5,F17="Низкая"),"Improve","Reconsider"))) -> Promote
... B20: =Benefits_Input!B20 -> 15 | C20: =Benefits_Input!C20 -> Программа реферралов | D20: =Benefits_Input!E20*Benefits_Input!F20 -> 1600 | E20: =(Benefits_Input!G20+Benefits_Input!H20)/2 -> 2.5 | F20: =IF(D20>=AVERAGE(D$6:D$20),"Высокая","Низкая") -> Низкая | G20: =IF(AND(E20>=3.5,F20="Низкая"),"Keep & invest",IF(AND(E20>=3.5,F20="Высокая"),"Promote",IF(AND(E20<3.5,F20="Низкая"),"Improve","Reconsider"))) -> Improve

Sheet Summary
B2: Сводка
B5: Категория | C5: Количество льгот
B6: Keep & invest | C6: =COUNTIF(Matrix!G6:G20,"Keep & invest") -> 5
B7: Promote | C7: =COUNTIF(Matrix!G6:G20,"Promote") -> 5
B8: Improve | C8: =COUNTIF(Matrix!G6:G20,"Improve") -> 5
B9: Reconsider | C9: =COUNTIF(Matrix!G6:G20,"Reconsider") -> 0
B11: Итого льгот | C11: =COUNTA(Benefits_Input!C6:C20) -> 15
B12: Средняя стоимость / сотрудника | C12: =AVERAGE(Benefits_Input!E6:E20) -> 23466.667
B13: Средний utilization | C13: =AVERAGE(Benefits_Input!F6:F20) -> 0.57533333
B14: Средний value score | C14: =AVERAGE(Matrix!E6:E20) -> 3.6666667
